{"id": 1, "description": "Fully Connected Network", "experiments": [{"params": {"id": 1, "description": "Fully Connected Network", "nodes": 20, "use_saved_topology": false, "topology": "random", "m0": 10, "m": 2, "edge_density": 1.0, "rounds": 30, "synchronous": true, "model_name": "digit_classifier", "data_path": "src/training/data/loan_data.csv", "num_samples": 500, "epochs_per_round": 2, "batch_size": 32, "aggregation": "fedavg", "beta": 1, "malicious_proportion": 0.0, "attack_type": "randomnoise", "attack_args": {"strength": 10}}, "accuracies_by_round": [0.5614199999999999, 0.7459525, 0.7848541666666665, 0.808183333333333, 0.8255275, 0.8335299999999999, 0.8472741666666668, 0.8577983333333332, 0.8628783333333333, 0.8642783333333333, 0.8738508333333336, 0.8804766666666666, 0.8843608333333333, 0.8884491666666665, 0.8945933333333332, 0.8992191666666667, 0.9036691666666663, 0.9098575, 0.9143016666666666, 0.9190558333333332, 0.9238166666666665, 0.9270516666666669, 0.9303133333333333, 0.9337091666666666, 0.9361300000000001, 0.9400316666666667, 0.9415241666666667, 0.9426225, 0.9451633333333334], "loss_by_round": [1.4259734673731361, 0.8539928209298709, 0.6953311171009342, 0.6344667547293057, 0.5837726113320922, 0.5498305108406142, 0.511287948176233, 0.49196434845166925, 0.46927825907177745, 0.45926327211722767, 0.43291693017887534, 0.41206941051539714, 0.3972684073724599, 0.3830488007912821, 0.36276325564950646, 0.34956589306333363, 0.3300288008307533, 0.3148771049951249, 0.29711392477694865, 0.28054493021156424, 0.26522911107266894, 0.251634886888251, 0.2405419654455155, 0.22889719022217508, 0.21975752721383754, 0.2089047993709053, 0.20261454173713242, 0.19829044969005785, 0.18969282851820546]}, {"params": {"id": 1, "description": "Fully Connected Network", "nodes": 20, "use_saved_topology": false, "topology": "random", "m0": 10, "m": 2, "edge_density": 1.0, "rounds": 30, "synchronous": true, "model_name": "digit_classifier", "data_path": "src/training/data/loan_data.csv", "num_samples": 500, "epochs_per_round": 2, "batch_size": 32, "aggregation": "fedavg", "beta": 1, "malicious_proportion": 0.3, "attack_type": "randomnoise", "attack_args": {"strength": 10}}, "accuracies_by_round": [0.27591309523809526, 0.18338333333333337, 0.21065476190476187, 0.19258095238095238, 0.22197023809523805, 0.2146142857142857, 0.2522690476190476, 0.20015119047619048, 0.2486726190476191, 0.2355035714285714, 0.18580476190476186, 0.25862738095238097, 0.20266071428571428, 0.15650714285714287, 0.22472142857142857, 0.18761428571428573, 0.24478809523809525, 0.31259523809523815, 0.25721666666666665, 0.2067071428571429, 0.17906071428571432, 0.20350476190476188, 0.25020476190476193, 0.1765059523809524, 0.23720000000000002, 0.2439988095238095, 0.24107380952380955, 0.1998047619047619, 0.24106547619047622], "loss_by_round": [17862.83929017619, 64056.35612911209, 90929.49018321182, 87165.44202913207, 84960.78257548355, 104578.83114838753, 89523.89106762108, 94491.43791049534, 92240.7448444163, 93501.9319440346, 62200.54384804295, 65614.09516174707, 77743.62496489969, 95234.3864760223, 97194.05226736216, 100455.76952292111, 96432.98834609638, 71637.14846665112, 74441.36510944164, 97158.16623753044, 88805.08798283774, 90785.4011515287, 68054.80014765935, 74446.64000985188, 91566.47894694257, 76646.02317513993, 94353.5623941041, 100643.2072799269, 93484.05548647864]}]}